Date,Product,Region,Customer_Type,Quantity,Price,Discount,Revenue
2024-07-19,Lawn Care,North,Commercial,18,1112.41,0.2,16018.7
2024-11-05,Landscape Design,West,Commercial,14,197.9,0.05,2632.07
2024-11-05,Pest Control,West,Residential,17,273.59,0.12,4092.91
2024-02-28,Landscape Design,East,Commercial,20,791.81,0.08,14569.3
2024-12-25,Pest Control,North,Commercial,11,1921.72,0.16,17756.69
2024-04-10,Lawn Care,East,Residential,6,1749.31,0.2,8396.69
2024-11-19,Pest Control,West,Residential,3,1210.63,0.04,3486.61
2024-12-08,Lawn Care,South,Commercial,10,481.15,0.04,4619.04
2024-07-12,Lawn Care,East,Residential,2,1977.88,0.19,3204.17
2024-04-24,Lawn Care,East,Residential,1,83.2,0.19,67.39
2024-06-27,Pest Control,West,Residential,10,161.35,0.14,1387.61
2024-01-05,Lawn Care,South,Commercial,14,1329.96,0.23,14336.97
2024-05-23,Landscape Design,East,Commercial,2,1270.81,0.13,2211.21
2024-06-13,Landscape Design,South,Commercial,16,1441.5,0.11,20526.96
2024-06-05,Pest Control,South,Residential,9,315.81,0.04,2728.6
2024-11-20,Lawn Care,South,Residential,17,1326.26,0.24,17135.28
2024-12-14,Landscape Design,East,Commercial,17,449.1,0.09,6947.58
2024-02-06,Pest Control,East,Residential,4,952.57,0.17,3162.53
2024-09-16,Pest Control,East,Residential,15,670.98,0.05,9561.46
2024-08-21,Landscape Design,North,Commercial,5,261.31,0.24,992.98
2024-05-07,Lawn Care,West,Commercial,19,171.56,0.26,2412.13
2024-01-11,Lawn Care,South,Commercial,5,955.96,0.17,3967.23
2024-03-13,Landscape Design,North,Residential,16,329.62,0.1,4746.53
2024-05-10,Landscape Design,South,Residential,15,1665.42,0.08,22982.8
2024-09-14,Landscape Design,South,Residential,15,933.82,0.09,12746.64
2024-03-02,Pest Control,South,Residential,7,1726.9,0.0,12088.3
2024-08-24,Lawn Care,West,Commercial,16,1947.66,0.24,23683.55
2024-09-24,Landscape Design,South,Commercial,15,1130.98,0.05,16116.46
2024-03-25,Lawn Care,North,Residential,3,676.69,0.25,1522.55
2024-10-20,Landscape Design,North,Commercial,15,1520.22,0.23,17558.54
2024-07-23,Pest Control,West,Commercial,10,1408.31,0.21,11125.65
2024-12-13,Lawn Care,East,Commercial,13,447.09,0.01,5754.05
2024-10-23,Landscape Design,West,Residential,16,406.27,0.18,5330.26
2024-06-01,Landscape Design,West,Residential,7,1089.31,0.25,5718.88
2024-05-22,Pest Control,North,Residential,20,205.6,0.25,3084.0
2024-06-25,Lawn Care,North,Residential,1,592.59,0.18,485.92
2024-03-16,Lawn Care,South,Commercial,8,1146.42,0.1,8254.22
2024-12-13,Landscape Design,North,Commercial,15,1985.04,0.12,26202.53
2024-04-26,Landscape Design,North,Commercial,16,605.91,0.01,9597.61
2024-06-06,Lawn Care,West,Residential,8,414.16,0.22,2584.36
2024-03-25,Pest Control,East,Commercial,19,286.21,0.29,3860.97
2024-01-31,Landscape Design,North,Residential,9,1461.34,0.03,12757.5
2024-01-04,Pest Control,West,Commercial,15,1612.63,0.27,17658.3
2024-11-27,Landscape Design,West,Residential,13,603.24,0.07,7293.17
2024-04-12,Landscape Design,West,Residential,2,524.94,0.1,944.89
2024-02-19,Landscape Design,East,Residential,14,1226.64,0.21,13566.64
2024-06-27,Pest Control,East,Residential,14,1106.99,0.2,12398.29
2024-11-22,Landscape Design,East,Residential,18,1986.74,0.28,25748.15
2024-06-22,Pest Control,East,Commercial,16,155.23,0.26,1837.92
2024-06-08,Lawn Care,West,Commercial,4,1088.52,0.2,3483.26
2024-09-30,Lawn Care,East,Commercial,14,1138.83,0.15,13552.08
2024-06-08,Pest Control,South,Residential,12,1618.72,0.01,19230.39
2024-10-29,Pest Control,South,Residential,17,470.72,0.25,6001.68
2024-03-08,Landscape Design,West,Commercial,16,1758.27,0.04,27007.03
2024-12-25,Pest Control,North,Residential,7,1632.98,0.28,8230.22
2024-02-01,Lawn Care,North,Commercial,15,470.86,0.04,6780.38
2024-08-26,Lawn Care,South,Commercial,10,1141.33,0.21,9016.51
2024-02-04,Pest Control,East,Residential,10,1083.85,0.25,8128.88
2024-07-19,Pest Control,South,Commercial,5,699.6,0.05,3323.1
2024-11-02,Pest Control,East,Residential,9,543.03,0.13,4251.92
2024-10-23,Lawn Care,West,Commercial,6,1680.46,0.21,7965.38
2024-01-27,Pest Control,South,Residential,6,1690.82,0.16,8521.73
2024-06-14,Pest Control,West,Residential,11,738.49,0.18,6661.18
2024-09-07,Landscape Design,North,Residential,2,1061.83,0.15,1805.11
2024-12-13,Lawn Care,South,Residential,8,626.74,0.05,4763.22
2024-05-15,Lawn Care,West,Residential,1,1877.29,0.01,1858.52
2024-10-07,Pest Control,North,Commercial,12,366.83,0.16,3697.65
2024-07-06,Lawn Care,West,Commercial,11,1248.91,0.05,13051.11
2024-07-15,Lawn Care,West,Residential,11,802.93,0.19,7154.11
2024-02-18,Pest Control,East,Commercial,8,1882.44,0.26,11144.04
2024-03-18,Landscape Design,South,Commercial,14,737.41,0.15,8775.18
2024-04-29,Lawn Care,South,Residential,1,1466.97,0.24,1114.9
2024-02-27,Landscape Design,South,Residential,14,574.5,0.04,7721.28
2024-09-23,Landscape Design,West,Commercial,19,1037.83,0.1,17746.89
2024-11-28,Pest Control,North,Residential,16,744.11,0.29,8453.09
2024-11-01,Landscape Design,West,Residential,6,1914.39,0.21,9074.21
2024-07-04,Landscape Design,West,Commercial,11,122.29,0.21,1062.7
2024-10-30,Lawn Care,West,Commercial,19,147.08,0.04,2682.74
2024-09-17,Pest Control,North,Residential,10,562.49,0.11,5006.16
2024-06-14,Lawn Care,South,Commercial,7,538.89,0.15,3206.4
2024-11-10,Lawn Care,North,Commercial,11,1282.49,0.26,10439.47
2024-01-28,Pest Control,West,Commercial,8,1500.54,0.12,10563.8
2024-10-28,Pest Control,North,Residential,8,1284.91,0.16,8634.6
2024-03-09,Landscape Design,South,Residential,13,1811.25,0.1,21191.62
2024-12-20,Landscape Design,South,Residential,12,1671.83,0.19,16250.19
2024-11-15,Pest Control,North,Commercial,8,1969.97,0.01,15602.16
2024-07-20,Lawn Care,West,Commercial,17,1909.01,0.03,31479.57
2024-10-02,Landscape Design,North,Commercial,2,801.26,0.16,1346.12
2024-06-28,Landscape Design,South,Residential,15,669.0,0.0,10035.0
2024-07-03,Lawn Care,South,Residential,8,1237.3,0.21,7819.74
2024-09-11,Lawn Care,South,Commercial,11,1807.04,0.25,14908.08
2024-11-24,Pest Control,North,Residential,17,1939.85,0.16,27701.06
2024-07-11,Landscape Design,North,Residential,20,193.18,0.24,2936.34
2024-03-15,Landscape Design,South,Residential,10,754.72,0.13,6566.06
2024-12-29,Pest Control,South,Residential,6,1005.48,0.09,5489.92
2024-04-04,Landscape Design,South,Commercial,8,942.52,0.02,7389.36
2024-12-31,Pest Control,West,Commercial,8,1467.7,0.01,11624.18
2024-12-22,Landscape Design,West,Commercial,15,998.43,0.13,13029.51
2024-04-29,Lawn Care,East,Residential,8,1720.72,0.16,11563.24
2024-04-14,Lawn Care,East,Commercial,12,1068.35,0.27,9358.75
2024-12-17,Pest Control,West,Residential,6,1596.6,0.07,8909.03
2024-10-19,Lawn Care,East,Residential,11,826.29,0.21,7180.46
2024-04-11,Lawn Care,West,Residential,8,1354.97,0.07,10080.98
2024-11-05,Landscape Design,South,Residential,11,805.49,0.27,6468.08
2024-09-30,Pest Control,West,Commercial,17,1022.96,0.13,15129.58
2024-01-03,Pest Control,West,Residential,7,1943.34,0.02,13331.31
2024-09-23,Lawn Care,South,Commercial,4,1113.09,0.03,4318.79
2024-09-17,Landscape Design,East,Commercial,12,294.15,0.22,2753.24
2024-10-02,Landscape Design,North,Residential,3,897.28,0.09,2449.57
2024-08-24,Pest Control,West,Residential,10,1062.99,0.22,8291.32
2024-04-21,Pest Control,West,Residential,3,1829.08,0.18,4499.54
2024-05-10,Pest Control,North,Commercial,10,1479.0,0.1,13311.0
2024-05-04,Landscape Design,West,Commercial,10,217.75,0.26,1611.35
2024-04-22,Pest Control,North,Residential,19,1955.15,0.01,36776.37
2024-02-15,Landscape Design,West,Commercial,4,1819.73,0.01,7206.13
2024-08-15,Landscape Design,East,Residential,17,1475.45,0.23,19313.64
2024-07-13,Landscape Design,East,Residential,18,1479.36,0.1,23965.63
2024-09-06,Lawn Care,East,Commercial,1,1887.44,0.03,1830.82
2024-11-09,Lawn Care,South,Residential,7,1835.31,0.16,10791.62
2024-04-07,Lawn Care,South,Residential,11,541.21,0.2,4762.65
2024-09-17,Landscape Design,South,Residential,19,1263.07,0.18,19678.63
2024-04-07,Pest Control,West,Residential,3,1513.69,0.02,4450.25
2024-12-17,Lawn Care,South,Commercial,17,672.49,0.05,10860.71
2024-02-15,Landscape Design,North,Commercial,20,240.56,0.28,3464.06
2024-03-28,Pest Control,West,Commercial,14,371.71,0.04,4995.78
2024-07-23,Pest Control,South,Residential,3,781.49,0.26,1734.91
2024-02-21,Pest Control,North,Residential,11,1662.65,0.05,17374.69
2024-11-12,Landscape Design,West,Commercial,9,136.64,0.25,922.32
2024-01-19,Landscape Design,South,Residential,14,1636.4,0.1,20618.64
2024-02-17,Lawn Care,South,Residential,6,809.82,0.12,4275.85
2024-07-01,Pest Control,North,Residential,1,312.38,0.01,309.26
2024-04-05,Lawn Care,East,Residential,1,1016.06,0.26,751.88
2024-06-24,Pest Control,East,Residential,11,1976.76,0.24,16525.71
2024-04-02,Pest Control,North,Commercial,18,751.37,0.0,13524.66
2024-01-21,Landscape Design,West,Commercial,16,362.91,0.16,4877.51
2024-10-03,Lawn Care,South,Residential,4,1234.4,0.12,4345.09
2024-12-27,Landscape Design,West,Residential,13,1887.82,0.09,22332.91
2024-04-30,Landscape Design,North,Commercial,2,699.35,0.29,993.08
2024-08-21,Lawn Care,West,Commercial,17,1962.22,0.2,26686.19
2024-10-29,Lawn Care,South,Residential,18,1773.7,0.07,29691.74
2024-03-01,Pest Control,South,Commercial,10,1312.99,0.16,11029.12
2024-10-02,Lawn Care,East,Residential,7,995.81,0.14,5994.78
2024-06-14,Pest Control,South,Commercial,20,1775.79,0.27,25926.53
2024-12-29,Lawn Care,South,Residential,8,826.03,0.27,4824.02
2024-05-09,Pest Control,South,Commercial,20,648.4,0.06,12189.92
2024-06-05,Lawn Care,North,Commercial,15,899.72,0.03,13090.93
2024-07-27,Lawn Care,North,Residential,18,1286.83,0.05,22004.79
2024-03-14,Lawn Care,West,Commercial,6,1832.76,0.04,10556.7
2024-09-05,Landscape Design,West,Commercial,9,1443.51,0.12,11432.6
2024-12-01,Landscape Design,North,Residential,18,589.09,0.3,7422.53
2024-06-06,Pest Control,West,Commercial,3,867.59,0.11,2316.47
2024-03-10,Landscape Design,East,Commercial,12,1804.66,0.2,17324.74
2024-06-26,Pest Control,South,Commercial,20,1263.19,0.06,23747.97
2024-10-02,Landscape Design,North,Commercial,3,1569.95,0.06,4427.26
2024-01-23,Pest Control,West,Commercial,19,258.77,0.05,4670.8
2024-03-25,Pest Control,South,Residential,2,953.73,0.04,1831.16
2024-05-07,Pest Control,East,Residential,13,1015.11,0.28,9501.43
2024-05-27,Pest Control,West,Residential,10,1771.22,0.27,12929.91
2024-02-21,Pest Control,North,Commercial,11,1182.34,0.18,10664.71
2024-04-20,Pest Control,North,Residential,9,1412.02,0.22,9912.38
2024-04-18,Lawn Care,South,Commercial,7,1225.6,0.08,7892.86
2024-11-09,Lawn Care,South,Commercial,19,747.66,0.25,10654.16
2024-08-09,Lawn Care,West,Residential,17,1333.36,0.02,22213.78
2024-06-30,Lawn Care,South,Residential,14,398.14,0.1,5016.56
2024-04-18,Lawn Care,West,Residential,12,1158.29,0.21,10980.59
2024-09-22,Landscape Design,West,Commercial,11,775.83,0.21,6741.96
2024-02-09,Landscape Design,East,Residential,9,1154.13,0.0,10387.17
2024-08-27,Landscape Design,South,Residential,9,1819.12,0.22,12770.22
2024-01-01,Lawn Care,East,Commercial,19,908.45,0.01,17087.94
2024-10-15,Lawn Care,South,Commercial,9,1441.66,0.27,9471.71
2024-02-16,Landscape Design,East,Residential,7,1392.23,0.01,9648.15
2024-09-19,Landscape Design,South,Commercial,10,535.41,0.07,4979.31
2024-11-08,Lawn Care,South,Commercial,8,893.42,0.18,5860.84
2024-05-30,Landscape Design,West,Commercial,9,1820.12,0.14,14087.73
2024-10-23,Pest Control,East,Commercial,10,1256.42,0.2,10051.36
2024-02-09,Landscape Design,East,Commercial,14,1139.45,0.02,15633.25
2024-11-02,Landscape Design,East,Residential,13,572.81,0.27,5435.97
2024-09-09,Landscape Design,East,Commercial,20,1843.5,0.17,30602.1
2024-10-29,Lawn Care,North,Residential,4,527.33,0.16,1771.83
2024-05-14,Landscape Design,East,Residential,11,1153.67,0.05,12055.85
2024-03-21,Lawn Care,South,Residential,16,100.72,0.07,1498.71
2024-10-22,Lawn Care,South,Residential,9,1042.84,0.25,7039.17
2024-07-05,Pest Control,North,Commercial,9,308.95,0.11,2474.69
2024-02-06,Lawn Care,West,Residential,17,766.23,0.19,10550.99
2024-06-05,Lawn Care,East,Commercial,3,366.41,0.13,956.33
2024-11-14,Landscape Design,West,Residential,7,1435.26,0.22,7836.52
2024-02-16,Lawn Care,North,Residential,14,1693.05,0.04,22754.59
2024-01-21,Pest Control,East,Commercial,15,482.64,0.21,5719.28
2024-10-14,Pest Control,South,Commercial,12,309.17,0.14,3190.63
2024-10-14,Pest Control,East,Commercial,6,1980.77,0.01,11765.77
2024-01-05,Lawn Care,West,Commercial,2,297.3,0.25,445.95
2024-05-06,Landscape Design,North,Commercial,11,874.41,0.29,6829.14
2024-04-11,Pest Control,East,Residential,20,73.66,0.08,1355.34
2024-10-01,Lawn Care,South,Residential,8,138.0,0.26,816.96
2024-01-28,Lawn Care,West,Commercial,5,1408.29,0.09,6407.72
2024-06-20,Landscape Design,South,Commercial,16,1905.93,0.24,23176.11
2024-01-16,Lawn Care,West,Residential,19,1897.86,0.12,31732.22
2024-04-17,Landscape Design,North,Commercial,5,744.54,0.13,3238.75
2024-12-25,Pest Control,East,Commercial,17,1824.3,0.11,27601.66
2024-05-15,Landscape Design,South,Residential,18,1605.62,0.23,22253.89
2024-05-20,Pest Control,West,Residential,5,1701.63,0.17,7061.76
2024-11-22,Lawn Care,East,Residential,18,1333.7,0.18,19685.41
2024-02-01,Landscape Design,North,Commercial,10,477.86,0.22,3727.31
2024-02-04,Lawn Care,South,Commercial,5,1738.57,0.26,6432.71
2024-03-31,Lawn Care,West,Residential,13,1099.15,0.05,13574.5
2024-04-02,Pest Control,North,Commercial,9,1400.0,0.28,9072.0
2024-04-06,Landscape Design,South,Residential,6,1456.19,0.23,6727.6
2024-03-30,Landscape Design,North,Commercial,4,1457.08,0.12,5128.92
2024-01-10,Landscape Design,East,Residential,10,1536.76,0.14,13216.14
2024-02-28,Pest Control,West,Commercial,18,59.05,0.19,860.95
2024-08-17,Landscape Design,East,Commercial,10,1539.69,0.06,14473.09
2024-11-18,Lawn Care,East,Residential,8,1352.88,0.14,9307.81
2024-09-02,Landscape Design,West,Residential,7,1760.75,0.24,9367.19
2024-06-21,Pest Control,West,Residential,14,142.73,0.18,1638.54
2024-07-20,Lawn Care,East,Residential,13,1099.4,0.13,12434.21
2024-02-14,Lawn Care,West,Residential,13,1808.02,0.05,22329.05
2024-01-10,Pest Control,East,Residential,8,1786.88,0.17,11864.88
2024-02-17,Landscape Design,East,Residential,8,1190.62,0.3,6667.47
2024-03-14,Landscape Design,North,Residential,1,1487.03,0.25,1115.27
2024-08-30,Pest Control,North,Residential,14,1670.24,0.14,20109.69
2024-06-12,Landscape Design,South,Residential,14,552.63,0.24,5879.98
2024-09-02,Lawn Care,East,Residential,18,1437.26,0.14,22248.78
2024-02-08,Pest Control,East,Commercial,14,764.03,0.24,8129.28
2024-06-06,Pest Control,North,Residential,9,1197.25,0.19,8727.95
2024-05-04,Pest Control,East,Residential,2,1909.97,0.18,3132.35
2024-08-01,Pest Control,South,Residential,14,311.16,0.1,3920.62
2024-08-16,Lawn Care,West,Commercial,2,1952.97,0.12,3437.23
2024-07-15,Pest Control,West,Residential,4,246.41,0.04,946.21
2024-04-04,Lawn Care,East,Commercial,11,632.9,0.15,5917.62
2024-01-23,Lawn Care,West,Residential,16,186.42,0.22,2326.52
2024-07-13,Landscape Design,North,Residential,7,346.72,0.03,2354.23
2024-10-17,Lawn Care,East,Residential,8,625.71,0.11,4455.06
2024-02-14,Lawn Care,East,Commercial,5,789.61,0.08,3632.21
2024-08-19,Pest Control,West,Commercial,16,1924.04,0.28,22164.94
2024-10-06,Pest Control,West,Residential,3,982.52,0.09,2682.28
2024-09-29,Lawn Care,East,Residential,1,994.3,0.22,775.55
2024-12-20,Landscape Design,West,Commercial,15,1166.3,0.16,14695.38
2024-12-12,Lawn Care,West,Residential,14,1942.39,0.28,19579.29
2024-06-10,Landscape Design,West,Commercial,20,612.92,0.2,9806.72
2024-07-01,Pest Control,East,Commercial,7,1623.87,0.08,10457.72
2024-12-31,Lawn Care,East,Residential,6,659.48,0.1,3561.19
2024-09-03,Landscape Design,South,Residential,20,161.38,0.08,2969.39
2024-11-12,Pest Control,South,Commercial,8,1061.97,0.28,6116.95
2024-01-09,Pest Control,North,Commercial,13,892.05,0.24,8813.45
2024-11-02,Landscape Design,West,Commercial,7,1295.61,0.11,8071.65
2024-01-23,Pest Control,South,Commercial,15,704.95,0.06,9939.8
2024-04-03,Pest Control,East,Commercial,15,577.42,0.19,7015.65
2024-05-15,Pest Control,East,Commercial,11,1840.95,0.08,18630.41
2024-08-15,Pest Control,South,Residential,10,531.16,0.07,4939.79
2024-04-24,Landscape Design,North,Residential,15,335.42,0.21,3974.73
2024-10-07,Pest Control,West,Commercial,10,1434.16,0.12,12620.61
2024-09-13,Landscape Design,North,Residential,1,1170.87,0.2,936.7
2024-07-04,Landscape Design,South,Residential,9,123.0,0.03,1073.79
2024-07-06,Lawn Care,North,Residential,6,886.66,0.18,4362.37
2024-07-30,Landscape Design,North,Commercial,18,110.2,0.16,1666.22
2024-05-10,Landscape Design,South,Commercial,1,1851.53,0.17,1536.77
2024-06-22,Pest Control,East,Residential,7,617.01,0.09,3930.35
2024-05-31,Pest Control,East,Commercial,11,1328.94,0.23,11256.12
2024-12-25,Landscape Design,North,Commercial,18,352.52,0.17,5266.65
2024-07-16,Landscape Design,North,Commercial,5,1631.11,0.01,8073.99
2024-06-28,Pest Control,East,Residential,14,442.29,0.18,5077.49
2024-05-27,Pest Control,South,Commercial,10,1358.86,0.08,12501.51
2024-11-03,Landscape Design,East,Residential,4,1547.69,0.19,5014.52
2024-11-15,Landscape Design,North,Commercial,17,304.81,0.21,4093.6
2024-02-21,Pest Control,North,Commercial,19,1748.39,0.2,26575.53
2024-08-13,Lawn Care,East,Commercial,15,469.83,0.17,5849.38
2024-02-29,Pest Control,South,Residential,15,208.85,0.24,2380.89
2024-03-23,Pest Control,East,Commercial,11,1065.2,0.13,10193.96
2024-02-01,Lawn Care,West,Commercial,3,1935.71,0.19,4703.78
2024-03-14,Lawn Care,North,Commercial,16,758.14,0.17,10068.1
2024-06-01,Pest Control,West,Residential,17,1458.71,0.11,22070.28
2024-05-12,Pest Control,East,Commercial,7,658.99,0.02,4520.67
2024-08-10,Lawn Care,West,Commercial,17,1159.37,0.23,15176.15
2024-06-19,Lawn Care,West,Residential,20,1938.73,0.17,32182.92
2024-12-12,Lawn Care,West,Residential,15,1158.0,0.07,16154.1
2024-07-15,Pest Control,South,Commercial,9,1783.76,0.24,12200.92
2024-05-26,Pest Control,East,Residential,19,902.37,0.25,12858.77
2024-01-03,Landscape Design,North,Commercial,9,510.84,0.09,4183.78
2024-01-11,Lawn Care,East,Commercial,9,193.22,0.25,1304.24
2024-12-18,Lawn Care,South,Residential,5,1735.34,0.2,6941.36
2024-09-11,Lawn Care,South,Residential,16,1970.45,0.06,29635.57
2024-09-22,Landscape Design,West,Commercial,1,1635.89,0.13,1423.22
2024-09-30,Pest Control,North,Commercial,17,1525.63,0.27,18933.07
2024-01-04,Landscape Design,South,Residential,20,80.94,0.22,1262.66
2024-12-30,Landscape Design,West,Commercial,11,949.56,0.03,10131.81
2024-11-26,Landscape Design,East,Residential,11,512.99,0.03,5473.6
2024-06-27,Landscape Design,North,Residential,4,725.03,0.08,2668.11
2024-12-03,Pest Control,North,Commercial,12,596.44,0.11,6369.98
2024-11-01,Landscape Design,North,Residential,3,420.21,0.03,1222.81
2024-09-15,Landscape Design,East,Commercial,4,188.96,0.18,619.79
2024-08-14,Pest Control,South,Commercial,16,1604.9,0.21,20285.94
2024-03-23,Pest Control,West,Residential,8,260.37,0.05,1978.81
2024-01-18,Landscape Design,North,Commercial,9,212.38,0.11,1701.16
2024-08-22,Landscape Design,South,Residential,14,863.29,0.08,11119.18
2024-04-19,Landscape Design,East,Commercial,20,382.89,0.03,7428.07
2024-11-29,Lawn Care,East,Residential,13,1425.44,0.13,16121.73
2024-03-03,Lawn Care,East,Commercial,5,80.88,0.03,392.27
2024-10-08,Landscape Design,East,Residential,9,199.56,0.11,1598.48
2024-03-14,Lawn Care,East,Residential,2,782.88,0.04,1503.13
2024-12-28,Lawn Care,North,Residential,9,224.95,0.13,1761.36
2024-08-13,Landscape Design,North,Residential,17,190.58,0.21,2559.49
2024-10-10,Pest Control,North,Residential,11,225.4,0.22,1933.93
2024-09-28,Pest Control,West,Commercial,3,1782.43,0.21,4224.36
2024-06-16,Landscape Design,West,Commercial,20,1355.11,0.0,27102.2
2024-05-15,Landscape Design,North,Commercial,6,917.4,0.06,5174.14
2024-10-21,Lawn Care,South,Commercial,2,760.67,0.1,1369.21
2024-07-13,Lawn Care,North,Residential,6,628.7,0.06,3545.87
2024-06-16,Lawn Care,North,Residential,16,1713.4,0.15,23302.24
2024-02-22,Landscape Design,South,Commercial,13,558.65,0.17,6027.83
2024-06-28,Pest Control,East,Residential,2,1256.57,0.11,2236.69
2024-04-15,Landscape Design,East,Commercial,10,391.58,0.18,3210.96
2024-10-20,Lawn Care,North,Residential,9,1978.19,0.3,12462.6
2024-03-19,Pest Control,North,Commercial,7,1636.4,0.04,10996.61
2024-11-10,Pest Control,West,Residential,12,1738.28,0.11,18564.83
2024-02-12,Pest Control,South,Residential,9,205.92,0.26,1371.43
2024-08-24,Pest Control,West,Commercial,2,1679.51,0.27,2452.08
2024-11-09,Lawn Care,North,Residential,14,575.71,0.09,7334.55
2024-09-26,Lawn Care,South,Commercial,13,260.13,0.2,2705.35
2024-03-27,Landscape Design,South,Residential,7,311.22,0.04,2091.4
2024-11-12,Lawn Care,East,Residential,12,955.46,0.1,10318.97
2024-08-05,Lawn Care,East,Commercial,14,1617.7,0.09,20609.5
2024-05-07,Pest Control,North,Commercial,11,821.24,0.19,7317.25
2024-11-18,Lawn Care,North,Commercial,16,1631.85,0.27,19060.01
2024-02-08,Lawn Care,South,Commercial,16,758.16,0.05,11524.03
2024-05-13,Lawn Care,South,Commercial,6,1148.64,0.2,5513.47
2024-02-13,Landscape Design,West,Commercial,17,498.13,0.0,8468.21
2024-05-31,Lawn Care,East,Residential,17,752.45,0.18,10489.15
2024-03-18,Pest Control,West,Residential,19,855.65,0.25,12193.01
2024-09-17,Landscape Design,West,Commercial,14,872.17,0.01,12088.28
2024-09-18,Lawn Care,South,Residential,12,286.36,0.09,3127.05
2024-03-01,Pest Control,West,Residential,17,1298.2,0.05,20965.93
2024-06-04,Landscape Design,North,Residential,2,656.79,0.06,1234.77
2024-09-23,Pest Control,North,Commercial,13,436.72,0.07,5279.94
2024-09-27,Lawn Care,North,Residential,8,1201.27,0.11,8553.04
2024-09-09,Landscape Design,South,Residential,17,650.74,0.09,10066.95
2024-01-26,Pest Control,North,Residential,9,1349.9,0.14,10448.23
2024-08-25,Pest Control,South,Residential,17,292.38,0.2,3976.37
2024-06-01,Landscape Design,South,Residential,18,770.23,0.02,13586.86
2024-12-27,Landscape Design,West,Commercial,16,1261.82,0.29,14334.28
2024-02-04,Pest Control,South,Residential,10,353.28,0.2,2826.24
2024-11-11,Pest Control,North,Residential,10,521.97,0.2,4175.76
2024-05-21,Lawn Care,East,Commercial,20,670.5,0.07,12471.3
2024-03-15,Lawn Care,North,Commercial,17,1165.91,0.13,17243.81
2024-09-22,Lawn Care,West,Commercial,14,607.51,0.07,7909.78
2024-04-05,Lawn Care,South,Commercial,2,787.94,0.04,1512.84
2024-05-13,Landscape Design,South,Residential,16,1747.68,0.15,23768.45
2024-06-03,Landscape Design,North,Residential,15,168.99,0.25,1901.14
2024-04-05,Lawn Care,West,Residential,15,963.8,0.16,12143.88
2024-12-22,Landscape Design,South,Commercial,16,455.93,0.25,5471.16
2024-03-15,Lawn Care,North,Residential,4,1801.11,0.05,6844.22
2024-10-04,Lawn Care,East,Residential,7,1781.57,0.23,9602.66
2024-05-30,Lawn Care,South,Commercial,14,1493.58,0.12,18400.91
2024-06-18,Landscape Design,East,Commercial,12,188.07,0.16,1895.75
2024-08-31,Pest Control,South,Residential,1,1350.72,0.01,1337.21
2024-08-16,Landscape Design,North,Residential,18,709.61,0.07,11878.87
2024-07-23,Landscape Design,South,Residential,8,300.71,0.08,2213.23
2024-12-11,Pest Control,West,Commercial,19,894.21,0.14,14611.39
2024-07-04,Pest Control,East,Commercial,6,771.32,0.25,3470.94
2024-11-15,Pest Control,South,Residential,19,949.31,0.26,13347.3
2024-05-18,Lawn Care,South,Commercial,15,253.38,0.28,2736.5
2024-08-06,Pest Control,South,Residential,2,1826.27,0.19,2958.56
2024-08-20,Landscape Design,North,Commercial,8,955.5,0.14,6573.84
2024-02-01,Pest Control,North,Commercial,3,654.32,0.15,1668.52
2024-03-05,Lawn Care,West,Residential,5,1755.74,0.23,6759.6
2024-03-18,Landscape Design,North,Commercial,17,507.48,0.15,7333.09
2024-11-23,Pest Control,North,Commercial,1,544.86,0.19,441.34
2024-01-31,Lawn Care,North,Residential,1,768.23,0.04,737.5
2024-07-09,Lawn Care,West,Commercial,9,1735.66,0.12,13746.43
2024-01-26,Pest Control,South,Commercial,12,1130.43,0.06,12751.25
2024-04-05,Lawn Care,South,Commercial,3,468.92,0.11,1252.02
2024-04-20,Pest Control,East,Commercial,13,1497.21,0.07,18101.27
2024-12-14,Lawn Care,South,Residential,19,676.85,0.06,12088.54
2024-07-19,Landscape Design,East,Commercial,2,215.63,0.04,414.01
2024-06-19,Lawn Care,South,Commercial,13,1170.33,0.18,12475.72
2024-12-05,Lawn Care,South,Residential,20,545.19,0.2,8723.04
2024-03-14,Landscape Design,South,Residential,13,957.25,0.1,11199.82
2024-12-21,Pest Control,North,Residential,19,465.73,0.03,8583.4
2024-08-15,Landscape Design,West,Commercial,14,1999.14,0.3,19591.57
2024-01-31,Landscape Design,North,Commercial,7,1882.27,0.22,10277.19
2024-11-29,Pest Control,East,Commercial,14,1742.56,0.3,17077.09
2024-05-06,Lawn Care,North,Residential,4,1345.9,0.19,4360.72
2024-04-06,Lawn Care,East,Residential,12,151.86,0.23,1403.19
2024-05-09,Landscape Design,North,Residential,12,1107.36,0.08,12225.25
2024-08-14,Pest Control,South,Commercial,9,438.59,0.27,2881.54
2024-05-05,Lawn Care,North,Residential,16,1909.95,0.25,22919.4
2024-04-09,Landscape Design,East,Residential,19,60.49,0.11,1022.89
2024-04-03,Lawn Care,East,Commercial,7,1785.18,0.15,10621.82
2024-05-31,Lawn Care,West,Commercial,20,1302.73,0.29,18498.77
2024-11-21,Pest Control,South,Commercial,4,1010.98,0.17,3356.45
2024-03-09,Lawn Care,East,Residential,4,207.82,0.03,806.34
2024-05-17,Pest Control,South,Residential,1,196.54,0.22,153.3
2024-09-15,Landscape Design,West,Commercial,14,1844.27,0.26,19106.64
2024-07-10,Landscape Design,South,Residential,14,995.6,0.15,11847.64
2024-07-02,Pest Control,West,Commercial,12,318.63,0.22,2982.38
2024-03-04,Lawn Care,West,Residential,14,1320.39,0.17,15342.93
2024-10-01,Pest Control,East,Residential,4,1350.99,0.3,3782.77
2024-04-02,Landscape Design,South,Commercial,13,1467.74,0.05,18126.59
2024-07-18,Lawn Care,West,Residential,15,437.8,0.06,6172.98
2024-12-18,Landscape Design,East,Commercial,9,1755.77,0.27,11535.41
2024-03-09,Landscape Design,West,Residential,10,1717.52,0.14,14770.67
2024-01-26,Landscape Design,East,Residential,3,120.76,0.3,253.6
2024-11-20,Pest Control,South,Commercial,15,779.48,0.17,9704.53
2024-04-19,Pest Control,South,Commercial,15,1012.93,0.29,10787.7
2024-10-24,Landscape Design,East,Residential,9,1196.47,0.11,9583.72
2024-06-25,Pest Control,East,Commercial,18,1868.93,0.24,25566.96
2024-02-04,Pest Control,North,Residential,6,544.14,0.18,2677.17
2024-01-14,Pest Control,East,Residential,9,78.8,0.07,659.56
2024-10-08,Lawn Care,South,Commercial,14,1351.16,0.29,13430.53
2024-11-13,Lawn Care,West,Residential,11,1032.21,0.17,9424.08
2024-03-25,Lawn Care,North,Residential,3,1685.83,0.21,3995.42
2024-03-02,Pest Control,West,Commercial,5,881.38,0.28,3172.97
2024-09-01,Lawn Care,East,Residential,20,1539.84,0.06,28948.99
2024-08-17,Pest Control,East,Commercial,7,1477.39,0.07,9617.81
2024-06-20,Lawn Care,North,Residential,8,772.23,0.14,5312.94
2024-11-12,Lawn Care,West,Commercial,16,403.26,0.15,5484.34
2024-11-05,Landscape Design,South,Commercial,1,475.19,0.26,351.64
2024-11-08,Landscape Design,South,Residential,11,348.15,0.15,3255.2
2024-01-19,Lawn Care,East,Commercial,10,490.44,0.24,3727.34
2024-04-08,Pest Control,West,Residential,20,1027.68,0.04,19731.46
2024-09-12,Landscape Design,West,Residential,7,267.61,0.23,1442.42
2024-12-08,Lawn Care,West,Commercial,14,894.42,0.22,9767.07
2024-05-02,Lawn Care,South,Residential,7,1176.85,0.2,6590.36
2024-02-11,Landscape Design,North,Commercial,9,1504.2,0.09,12319.4
2024-11-29,Landscape Design,East,Residential,20,1433.44,0.09,26088.61
2024-08-24,Pest Control,East,Residential,13,421.02,0.05,5199.6
2024-06-26,Pest Control,West,Commercial,3,822.95,0.09,2246.65
2024-12-19,Landscape Design,South,Commercial,4,444.75,0.28,1280.88
2024-07-21,Landscape Design,South,Commercial,17,1407.72,0.23,18427.05
2024-01-23,Lawn Care,South,Commercial,20,520.38,0.28,7493.47
2024-07-07,Landscape Design,South,Residential,7,1502.19,0.23,8096.8
2024-07-13,Landscape Design,West,Residential,12,995.3,0.01,11824.16
2024-08-10,Lawn Care,East,Commercial,9,721.95,0.2,5198.04
2024-07-16,Landscape Design,North,Residential,11,334.42,0.2,2942.9
2024-02-06,Landscape Design,West,Residential,4,292.53,0.28,842.49
2024-12-23,Landscape Design,South,Residential,12,978.73,0.03,11392.42
2024-09-18,Pest Control,South,Commercial,14,1594.28,0.02,21873.52
2024-07-23,Pest Control,West,Residential,8,555.17,0.17,3686.33
2024-02-08,Pest Control,West,Commercial,16,1437.14,0.09,20924.76
2024-02-04,Lawn Care,North,Residential,8,1955.5,0.28,11263.68
2024-11-30,Landscape Design,West,Commercial,3,885.07,0.01,2628.66
2024-10-18,Pest Control,West,Commercial,4,1327.74,0.19,4301.88
2024-01-10,Lawn Care,South,Residential,15,520.13,0.03,7567.89
2024-08-19,Pest Control,North,Commercial,7,257.18,0.17,1494.22
2024-09-18,Landscape Design,South,Residential,6,707.08,0.23,3266.71
2024-06-20,Lawn Care,North,Commercial,8,1112.23,0.06,8363.97
2024-07-26,Pest Control,North,Commercial,12,889.22,0.04,10243.81
2024-05-30,Pest Control,East,Residential,2,806.23,0.11,1435.09
2024-01-20,Landscape Design,West,Commercial,19,96.21,0.18,1498.95
2024-03-10,Pest Control,East,Commercial,8,1209.68,0.22,7548.4
2024-09-12,Pest Control,North,Commercial,1,152.91,0.01,151.38
2024-11-13,Landscape Design,South,Residential,8,78.46,0.04,602.57
2024-06-14,Landscape Design,West,Residential,20,617.21,0.14,10616.01
2024-09-23,Landscape Design,North,Residential,8,982.24,0.26,5814.86
2024-10-18,Lawn Care,North,Residential,17,1910.61,0.18,26633.9
2024-04-05,Pest Control,West,Commercial,12,1975.84,0.18,19442.27
2024-08-20,Lawn Care,South,Commercial,2,116.75,0.08,214.82
2024-04-29,Landscape Design,West,Residential,16,1039.64,0.25,12475.68
2024-01-10,Landscape Design,North,Residential,18,685.99,0.05,11730.43
2024-08-17,Landscape Design,South,Commercial,7,483.25,0.24,2570.89
2024-09-13,Lawn Care,East,Commercial,7,562.07,0.21,3108.25
2024-12-16,Pest Control,West,Commercial,4,62.47,0.29,177.41
2024-07-09,Landscape Design,North,Commercial,19,1311.67,0.06,23426.43
2024-12-30,Lawn Care,North,Commercial,4,1057.21,0.05,4017.4
2024-03-07,Landscape Design,South,Commercial,17,197.83,0.27,2455.07
2024-08-20,Landscape Design,East,Commercial,6,564.9,0.01,3355.51
2024-05-01,Landscape Design,West,Commercial,6,986.13,0.15,5029.26
2024-08-02,Lawn Care,West,Commercial,15,1141.42,0.01,16950.09
2024-01-05,Lawn Care,East,Residential,13,478.6,0.25,4666.35
2024-05-03,Pest Control,South,Commercial,8,1685.91,0.1,12138.55
2024-12-10,Lawn Care,West,Commercial,7,1818.9,0.06,11968.36
2024-01-15,Pest Control,South,Residential,13,1588.8,0.06,19415.14
2024-01-27,Lawn Care,East,Residential,8,1522.92,0.19,9868.52
2024-12-20,Lawn Care,West,Residential,6,329.8,0.24,1503.89
2024-03-19,Landscape Design,West,Residential,6,590.15,0.0,3540.9
2024-04-09,Lawn Care,East,Residential,18,929.86,0.27,12218.36
2024-03-08,Pest Control,North,Commercial,5,292.19,0.25,1095.71
2024-02-07,Pest Control,North,Commercial,10,1031.34,0.11,9178.93
2024-04-16,Pest Control,North,Residential,7,1373.52,0.01,9518.49
2024-05-13,Landscape Design,East,Residential,4,931.73,0.13,3242.42
2024-08-30,Lawn Care,South,Residential,16,1688.66,0.19,21885.03
2024-10-18,Lawn Care,South,Commercial,5,199.37,0.15,847.32
2024-06-09,Landscape Design,East,Commercial,13,1471.33,0.22,14919.29
2024-09-14,Pest Control,North,Residential,12,774.7,0.2,7437.12
2024-08-26,Landscape Design,East,Commercial,5,1931.32,0.1,8690.94
2024-08-15,Landscape Design,West,Commercial,4,1921.63,0.16,6456.68
2024-02-26,Landscape Design,South,Residential,20,1186.49,0.1,21356.82
2024-09-20,Lawn Care,North,Commercial,4,1444.39,0.08,5315.36
2024-05-15,Landscape Design,North,Commercial,8,1656.49,0.02,12986.88
2024-12-24,Landscape Design,East,Commercial,14,738.81,0.24,7860.94
2024-10-01,Landscape Design,South,Residential,11,1873.67,0.27,15045.57
2024-05-21,Lawn Care,North,Residential,19,1774.94,0.23,25967.37
2024-09-16,Landscape Design,South,Commercial,11,1705.0,0.09,17067.05
2024-01-05,Pest Control,East,Commercial,14,1426.71,0.04,19174.98
2024-11-05,Pest Control,South,Residential,3,733.66,0.12,1936.86
2024-02-23,Lawn Care,East,Residential,1,513.08,0.25,384.81
2024-10-18,Lawn Care,East,Residential,12,749.94,0.2,7199.42
2024-05-07,Landscape Design,North,Residential,8,1699.86,0.05,12918.94
2024-10-07,Landscape Design,East,Commercial,14,1872.62,0.01,25954.51
2024-11-09,Lawn Care,South,Residential,2,1659.11,0.2,2654.58
2024-09-10,Pest Control,West,Residential,2,107.03,0.29,151.98
2024-12-04,Landscape Design,South,Commercial,12,1902.95,0.02,22378.69
2024-04-08,Lawn Care,North,Residential,10,1245.08,0.1,11205.72
2024-05-14,Landscape Design,East,Residential,18,1311.29,0.07,21950.99
2024-11-05,Landscape Design,South,Commercial,7,951.63,0.06,6261.73
2024-02-14,Landscape Design,North,Residential,19,949.07,0.14,15507.8
2024-07-05,Lawn Care,North,Residential,4,812.33,0.24,2469.48
2024-03-22,Pest Control,West,Residential,5,1986.82,0.14,8543.33
2024-11-25,Pest Control,South,Commercial,10,100.78,0.24,765.93
2024-05-09,Pest Control,South,Residential,3,1988.13,0.11,5308.31
2024-09-08,Pest Control,West,Residential,8,1114.47,0.02,8737.44
2024-07-24,Landscape Design,West,Residential,10,61.47,0.11,547.08
2024-07-13,Pest Control,North,Residential,1,840.31,0.11,747.88
2024-01-18,Lawn Care,West,Residential,18,1541.2,0.18,22748.11
2024-06-21,Pest Control,South,Residential,9,1887.05,0.22,13247.09
2024-09-08,Pest Control,East,Residential,8,1791.63,0.07,13329.73
2024-06-12,Landscape Design,North,Commercial,14,572.22,0.3,5607.76
2024-04-11,Landscape Design,West,Commercial,2,1647.62,0.18,2702.1
2024-10-31,Pest Control,South,Commercial,10,1637.92,0.18,13430.94
2024-05-23,Pest Control,East,Residential,7,153.01,0.0,1071.07
2024-06-17,Landscape Design,North,Commercial,14,535.09,0.06,7041.78
2024-12-14,Lawn Care,East,Commercial,10,343.48,0.06,3228.71
2024-07-08,Pest Control,West,Commercial,16,827.5,0.27,9665.2
2024-10-02,Pest Control,East,Commercial,1,592.31,0.15,503.46
2024-01-20,Pest Control,South,Commercial,11,1685.81,0.08,17060.4
2024-01-19,Lawn Care,East,Commercial,15,489.02,0.23,5648.18
2024-11-22,Landscape Design,West,Residential,16,795.4,0.28,9163.01
2024-09-19,Landscape Design,South,Residential,6,858.93,0.08,4741.29
2024-05-23,Pest Control,North,Residential,6,382.91,0.26,1700.12
2024-02-06,Lawn Care,East,Commercial,16,700.24,0.15,9523.26
2024-04-23,Pest Control,South,Commercial,14,568.82,0.03,7724.58
2024-06-16,Lawn Care,South,Residential,5,683.68,0.15,2905.64
2024-06-15,Landscape Design,West,Commercial,1,818.79,0.18,671.41
2024-05-01,Landscape Design,South,Residential,9,1520.93,0.0,13688.37
2024-04-27,Landscape Design,North,Residential,4,1381.43,0.23,4254.8
2024-02-18,Pest Control,North,Commercial,4,1625.05,0.1,5850.18
2024-07-04,Landscape Design,North,Residential,5,91.75,0.05,435.81
2024-03-01,Landscape Design,East,Commercial,12,1662.14,0.11,17751.66
2024-06-11,Lawn Care,West,Commercial,14,1512.33,0.3,14820.83
2024-08-02,Pest Control,North,Commercial,3,1257.01,0.12,3318.51
2024-01-24,Pest Control,North,Commercial,17,1107.53,0.12,16568.65
2024-03-08,Landscape Design,North,Residential,12,444.44,0.2,4266.62
2024-03-29,Lawn Care,East,Commercial,6,708.87,0.26,3147.38
2024-11-02,Landscape Design,East,Commercial,10,822.84,0.1,7405.56
2024-12-25,Landscape Design,East,Commercial,14,1055.81,0.13,12859.77
2024-06-19,Pest Control,South,Commercial,16,715.05,0.22,8923.82
2024-10-17,Landscape Design,South,Commercial,4,259.76,0.21,820.84
2024-05-01,Landscape Design,East,Commercial,6,1193.51,0.11,6373.34
2024-05-31,Landscape Design,South,Commercial,7,355.49,0.02,2438.66
2024-11-04,Lawn Care,North,Residential,10,71.25,0.25,534.38
2024-05-23,Pest Control,East,Residential,1,1957.46,0.02,1918.31
2024-09-13,Landscape Design,West,Residential,5,1915.89,0.25,7184.59
2024-07-03,Landscape Design,South,Commercial,6,599.31,0.09,3272.23
2024-01-21,Landscape Design,West,Commercial,12,605.68,0.29,5160.39
2024-05-31,Landscape Design,North,Residential,9,925.99,0.24,6333.77
2024-03-04,Landscape Design,West,Commercial,12,1840.27,0.17,18329.09
2024-05-15,Pest Control,East,Residential,4,134.92,0.23,415.55
2024-07-04,Pest Control,West,Residential,11,751.92,0.28,5955.21
2024-12-15,Pest Control,East,Commercial,7,1656.75,0.28,8350.02
2024-04-29,Lawn Care,North,Residential,16,1114.63,0.22,13910.58
2024-10-03,Lawn Care,North,Commercial,2,1670.02,0.14,2872.43
2024-10-05,Lawn Care,South,Commercial,6,1576.54,0.18,7756.58
2024-03-28,Landscape Design,South,Commercial,16,256.95,0.29,2918.95
2024-11-22,Lawn Care,East,Residential,12,154.27,0.09,1684.63
2024-10-14,Lawn Care,North,Residential,19,1029.08,0.06,18379.37
2024-07-25,Lawn Care,North,Residential,7,633.0,0.04,4253.76
2024-03-31,Landscape Design,West,Commercial,1,1717.25,0.07,1597.04
2024-05-17,Pest Control,South,Commercial,16,1728.12,0.25,20737.44
2024-04-06,Lawn Care,North,Commercial,8,1124.39,0.14,7735.8
2024-01-31,Lawn Care,South,Residential,14,292.7,0.18,3360.2
2024-08-08,Pest Control,South,Commercial,1,324.28,0.19,262.67
2024-03-25,Landscape Design,South,Residential,19,1345.37,0.11,22750.21
2024-08-30,Landscape Design,North,Residential,3,1232.55,0.1,3327.88
2024-09-30,Lawn Care,East,Residential,12,980.66,0.09,10708.81
2024-05-02,Landscape Design,South,Commercial,4,182.02,0.0,728.08
2024-06-13,Pest Control,South,Commercial,16,163.57,0.25,1962.84
2024-07-28,Landscape Design,West,Commercial,8,706.57,0.09,5143.83
2024-02-18,Landscape Design,West,Residential,13,1309.89,0.26,12601.14
2024-12-14,Lawn Care,South,Residential,9,1999.28,0.17,14934.62
2024-02-19,Landscape Design,South,Residential,18,64.8,0.14,1003.1
2024-12-31,Pest Control,West,Residential,6,211.69,0.13,1105.02
2024-07-01,Pest Control,South,Residential,11,1633.66,0.29,12758.88
2024-08-02,Pest Control,North,Commercial,17,1748.31,0.03,28829.63
2024-08-04,Pest Control,South,Residential,4,1464.0,0.09,5328.96
2024-05-06,Pest Control,East,Residential,18,548.55,0.15,8392.81
2024-10-17,Landscape Design,North,Residential,9,642.49,0.17,4799.4
2024-08-24,Pest Control,West,Commercial,12,1107.06,0.21,10494.93
2024-11-19,Pest Control,West,Residential,11,115.04,0.21,999.7
2024-06-27,Pest Control,South,Residential,19,1506.72,0.27,20898.21
2024-10-23,Pest Control,South,Commercial,16,1901.26,0.24,23119.32
2024-05-14,Landscape Design,East,Commercial,5,1089.45,0.27,3976.49
2024-10-31,Lawn Care,North,Residential,9,461.54,0.19,3364.63
2024-07-12,Landscape Design,North,Commercial,9,683.73,0.05,5845.89
2024-05-10,Pest Control,West,Residential,20,955.34,0.19,15476.51
2024-12-01,Lawn Care,West,Commercial,10,459.57,0.2,3676.56
2024-01-14,Landscape Design,West,Commercial,13,704.49,0.05,8700.45
2024-05-23,Pest Control,South,Commercial,9,497.7,0.08,4120.96
2024-03-25,Lawn Care,South,Commercial,15,314.85,0.07,4392.16
2024-03-09,Lawn Care,East,Residential,14,145.96,0.06,1920.83
2024-02-26,Landscape Design,North,Commercial,8,1025.04,0.01,8118.32
2024-05-20,Pest Control,North,Commercial,7,522.0,0.24,2777.04
2024-03-29,Pest Control,North,Commercial,1,1864.44,0.25,1398.33
2024-02-20,Landscape Design,East,Residential,7,269.01,0.19,1525.29
2024-11-07,Landscape Design,South,Residential,19,1821.37,0.13,30107.25
2024-04-11,Lawn Care,North,Residential,13,1191.23,0.23,11924.21
2024-12-01,Lawn Care,North,Commercial,17,1928.58,0.19,26556.55
2024-12-23,Landscape Design,West,Residential,11,671.98,0.2,5913.42
2024-05-13,Lawn Care,North,Commercial,16,806.31,0.03,12513.93
2024-03-11,Lawn Care,West,Commercial,3,1127.42,0.09,3077.86
2024-08-28,Landscape Design,North,Residential,12,448.01,0.01,5322.36
2024-05-03,Lawn Care,East,Residential,11,1741.16,0.21,15130.68
2024-06-25,Lawn Care,North,Commercial,12,1564.0,0.23,14451.36
2024-09-29,Landscape Design,South,Commercial,12,760.66,0.2,7302.34
2024-05-17,Pest Control,East,Residential,2,661.59,0.26,979.15
2024-05-04,Pest Control,East,Commercial,4,1608.62,0.2,5147.58
2024-09-19,Pest Control,West,Residential,1,1835.47,0.03,1780.41
2024-10-22,Lawn Care,West,Commercial,12,1951.53,0.1,21076.52
2024-09-06,Landscape Design,South,Residential,17,1177.96,0.11,17822.53
2024-05-01,Landscape Design,West,Commercial,6,1145.58,0.14,5911.19
2024-09-04,Lawn Care,West,Residential,19,1261.75,0.18,19658.07
2024-03-15,Landscape Design,South,Commercial,5,1888.7,0.15,8026.98
2024-11-10,Lawn Care,West,Residential,20,1062.45,0.2,16999.2
2024-06-22,Pest Control,North,Commercial,15,374.32,0.05,5334.06
2024-12-28,Landscape Design,North,Commercial,17,1542.27,0.2,20974.87
2024-03-01,Landscape Design,East,Residential,18,1868.32,0.0,33629.76
2024-01-06,Landscape Design,South,Commercial,7,1343.65,0.09,8559.05
2024-11-23,Lawn Care,East,Commercial,17,1235.65,0.09,19115.51
2024-03-29,Pest Control,East,Commercial,13,378.26,0.25,3688.04
2024-05-29,Landscape Design,West,Residential,17,774.44,0.17,10927.35
2024-11-24,Pest Control,West,Residential,2,1790.19,0.17,2971.72
2024-11-16,Pest Control,North,Commercial,7,1149.64,0.0,8047.48
2024-02-26,Landscape Design,West,Commercial,3,320.32,0.12,845.64
2024-01-09,Lawn Care,North,Residential,17,747.88,0.04,12205.4
2024-04-06,Lawn Care,North,Residential,6,539.96,0.1,2915.78
2024-07-07,Lawn Care,North,Residential,18,415.52,0.27,5459.93
2024-01-22,Lawn Care,South,Commercial,2,287.11,0.27,419.18
2024-10-07,Lawn Care,North,Commercial,20,1943.39,0.28,27984.82
2024-12-18,Pest Control,North,Commercial,11,755.79,0.1,7482.32
2024-06-07,Lawn Care,North,Commercial,13,278.36,0.07,3365.37
2024-12-14,Pest Control,North,Residential,8,1280.59,0.15,8708.01
2024-03-20,Pest Control,West,Residential,15,1442.46,0.01,21420.53
2024-02-11,Lawn Care,West,Commercial,19,1762.91,0.07,31150.62
2024-04-22,Lawn Care,North,Residential,7,1024.13,0.08,6595.4
2024-11-09,Pest Control,East,Residential,5,1061.98,0.28,3823.13
2024-09-04,Landscape Design,East,Commercial,12,1991.02,0.2,19113.79
2024-06-11,Lawn Care,West,Residential,8,718.11,0.27,4193.76
2024-08-10,Pest Control,South,Commercial,3,502.97,0.06,1418.38
2024-04-01,Landscape Design,South,Residential,9,100.63,0.17,751.71
2024-02-15,Pest Control,North,Commercial,7,1557.01,0.2,8719.26
2024-03-23,Pest Control,North,Residential,1,1891.83,0.15,1608.06
2024-03-22,Pest Control,West,Residential,15,219.0,0.29,2332.35
2024-05-02,Pest Control,South,Residential,9,1085.56,0.12,8597.64
2024-04-17,Landscape Design,West,Commercial,11,1944.16,0.29,15183.89
2024-03-01,Landscape Design,West,Residential,12,396.7,0.09,4331.96
2024-10-06,Pest Control,South,Commercial,5,903.25,0.29,3206.54
2024-09-27,Lawn Care,West,Residential,11,840.31,0.21,7302.29
2024-10-12,Pest Control,South,Residential,15,346.35,0.15,4415.96
2024-12-25,Pest Control,South,Residential,7,1764.79,0.25,9265.15
2024-01-12,Pest Control,South,Commercial,9,831.19,0.08,6882.25
2024-11-11,Lawn Care,South,Commercial,10,1731.48,0.25,12986.1
2024-10-31,Pest Control,West,Residential,19,338.21,0.08,5911.91
2024-12-31,Pest Control,East,Commercial,16,387.11,0.25,4645.32
2024-12-16,Pest Control,West,Commercial,18,1741.07,0.25,23504.44
2024-10-31,Lawn Care,North,Residential,14,420.21,0.06,5529.96
2024-12-22,Landscape Design,North,Residential,14,337.5,0.1,4252.5
2024-11-16,Landscape Design,West,Residential,11,861.72,0.11,8436.24
2024-04-09,Pest Control,South,Commercial,13,1688.39,0.25,16461.8
2024-05-01,Pest Control,West,Residential,9,122.71,0.16,927.69
2024-05-08,Lawn Care,West,Residential,12,1853.89,0.03,21579.28
2024-07-26,Lawn Care,East,Commercial,14,675.62,0.09,8607.4
2024-10-30,Pest Control,South,Commercial,2,398.2,0.01,788.44
2024-06-28,Landscape Design,North,Commercial,4,359.56,0.19,1164.97
2024-09-03,Lawn Care,North,Commercial,6,680.36,0.01,4041.34
2024-07-01,Lawn Care,West,Commercial,9,64.93,0.13,508.4
2024-01-19,Lawn Care,West,Residential,10,1826.64,0.23,14065.13
2024-07-06,Pest Control,North,Commercial,14,1340.35,0.22,14636.62
2024-07-14,Pest Control,South,Commercial,16,167.17,0.14,2300.26
2024-03-04,Landscape Design,East,Commercial,2,1465.61,0.18,2403.6
2024-12-19,Lawn Care,North,Commercial,20,664.69,0.16,11166.79
2024-09-15,Lawn Care,South,Residential,7,531.98,0.05,3537.67
2024-11-23,Lawn Care,West,Residential,5,712.31,0.16,2991.7
2024-07-10,Pest Control,North,Commercial,5,268.97,0.2,1075.88
2024-08-19,Pest Control,East,Commercial,20,564.53,0.18,9258.29
2024-08-27,Landscape Design,North,Residential,18,1013.93,0.04,17520.71
2024-01-20,Landscape Design,East,Commercial,16,929.79,0.13,12942.68
2024-05-16,Landscape Design,South,Residential,8,563.14,0.25,3378.84
2024-07-18,Landscape Design,North,Residential,19,1746.04,0.1,29857.28
2024-11-24,Landscape Design,South,Residential,20,486.54,0.07,9049.64
2024-05-31,Pest Control,East,Commercial,6,1711.23,0.09,9343.32
2024-04-20,Landscape Design,West,Commercial,12,1108.27,0.07,12368.29
2024-11-05,Pest Control,West,Residential,19,337.92,0.02,6292.07
2024-01-28,Lawn Care,South,Residential,6,187.46,0.11,1001.04
2024-06-10,Lawn Care,West,Commercial,2,160.13,0.24,243.4
2024-12-07,Landscape Design,West,Commercial,20,1102.0,0.0,22040.0
2024-04-16,Pest Control,East,Commercial,7,1559.69,0.29,7751.66
2024-11-12,Lawn Care,North,Residential,4,1025.99,0.13,3570.45
2024-08-05,Lawn Care,South,Residential,9,1729.29,0.09,14162.89
2024-01-13,Pest Control,West,Commercial,9,1904.13,0.02,16794.43
2024-02-14,Landscape Design,South,Commercial,2,1963.88,0.29,2788.71
2024-04-19,Pest Control,South,Commercial,12,885.71,0.05,10097.09
2024-06-27,Landscape Design,West,Residential,16,272.85,0.06,4103.66
2024-09-18,Landscape Design,South,Commercial,8,1072.95,0.08,7896.91
2024-01-16,Pest Control,South,Residential,4,1357.04,0.07,5048.19
2024-11-19,Lawn Care,South,Residential,3,1866.84,0.24,4256.4
2024-02-10,Lawn Care,South,Commercial,19,932.91,0.03,17193.53
2024-04-15,Pest Control,North,Residential,10,535.2,0.28,3853.44
2024-08-06,Lawn Care,West,Commercial,18,1144.3,0.17,17095.84
2024-05-09,Lawn Care,East,Commercial,4,522.32,0.18,1713.21
2024-12-28,Landscape Design,East,Commercial,17,1962.28,0.15,28354.95
2024-11-04,Landscape Design,West,Commercial,8,108.71,0.16,730.53
2024-04-10,Lawn Care,West,Commercial,17,1068.02,0.24,13798.82
2024-07-17,Pest Control,North,Residential,9,893.55,0.28,5790.2
2024-09-17,Landscape Design,South,Residential,2,934.45,0.29,1326.92
2024-05-16,Lawn Care,West,Commercial,6,1980.42,0.11,10575.44
2024-07-08,Pest Control,West,Commercial,18,1324.81,0.16,20031.13
2024-09-20,Lawn Care,East,Commercial,8,753.92,0.07,5609.16
2024-03-21,Lawn Care,West,Commercial,6,409.3,0.1,2210.22
2024-07-02,Landscape Design,North,Commercial,2,1452.99,0.22,2266.66
2024-05-20,Lawn Care,North,Residential,18,1291.93,0.29,16510.87
2024-07-22,Lawn Care,East,Commercial,20,1024.86,0.06,19267.37
2024-01-04,Landscape Design,North,Residential,9,419.87,0.19,3060.85
2024-05-05,Lawn Care,South,Commercial,18,1231.15,0.22,17285.35
2024-08-07,Landscape Design,West,Commercial,8,305.92,0.14,2104.73
2024-05-08,Landscape Design,West,Commercial,1,386.19,0.09,351.43
2024-04-27,Lawn Care,South,Residential,3,1732.93,0.2,4159.03
2024-07-28,Lawn Care,East,Residential,7,774.52,0.02,5313.21
2024-09-06,Landscape Design,South,Commercial,3,163.05,0.2,391.32
2024-05-06,Lawn Care,East,Commercial,3,652.53,0.02,1918.44
2024-05-17,Landscape Design,East,Residential,13,989.01,0.01,12728.56
2024-06-30,Landscape Design,South,Residential,3,1347.31,0.0,4041.93
2024-03-28,Lawn Care,South,Residential,17,871.92,0.1,13340.38
2024-06-03,Lawn Care,West,Commercial,20,1597.85,0.02,31317.86
2024-01-13,Landscape Design,South,Residential,19,1348.85,0.01,25371.87
2024-12-03,Lawn Care,West,Residential,4,53.48,0.11,190.39
2024-12-17,Landscape Design,North,Commercial,2,1754.99,0.29,2492.09
2024-09-14,Pest Control,North,Commercial,9,1300.01,0.24,8892.07
2024-12-03,Lawn Care,South,Commercial,16,1380.82,0.14,19000.08
2024-01-26,Lawn Care,West,Residential,14,1282.97,0.15,15267.34
2024-07-07,Pest Control,West,Commercial,10,1098.35,0.26,8127.79
2024-04-21,Landscape Design,West,Commercial,18,1351.63,0.08,22382.99
2024-06-09,Lawn Care,South,Residential,3,1393.29,0.02,4096.27
2024-03-28,Landscape Design,West,Commercial,5,509.97,0.19,2065.38
2024-03-04,Landscape Design,North,Residential,11,715.13,0.11,7001.12
2024-03-10,Lawn Care,South,Residential,18,1549.69,0.03,27057.59
2024-03-04,Lawn Care,North,Commercial,10,124.7,0.05,1184.65
2024-05-24,Pest Control,West,Residential,5,509.98,0.2,2039.92
2024-02-10,Lawn Care,South,Commercial,4,1590.8,0.17,5281.46
2024-12-25,Landscape Design,West,Residential,10,174.64,0.14,1501.9
2024-11-22,Landscape Design,East,Residential,16,523.46,0.09,7621.58
2024-11-11,Landscape Design,North,Commercial,2,313.04,0.02,613.56
2024-05-21,Lawn Care,West,Commercial,2,1151.41,0.19,1865.28
2024-08-22,Landscape Design,East,Commercial,5,1271.99,0.11,5660.36
2024-08-13,Pest Control,North,Commercial,5,950.44,0.28,3421.58
2024-10-27,Landscape Design,North,Commercial,13,672.01,0.05,8299.32
2024-08-12,Pest Control,East,Residential,3,77.56,0.29,165.2
2024-07-30,Lawn Care,East,Commercial,7,746.19,0.07,4857.7
2024-02-07,Landscape Design,West,Residential,15,1243.63,0.28,13431.2
2024-07-15,Pest Control,South,Residential,17,1314.43,0.0,22345.31
2024-01-20,Lawn Care,North,Commercial,20,648.76,0.05,12326.44
2024-12-25,Landscape Design,North,Commercial,3,614.42,0.06,1732.66
2024-05-29,Landscape Design,South,Commercial,18,254.53,0.3,3207.08
2024-06-08,Pest Control,South,Residential,16,314.59,0.09,4580.43
2024-03-02,Pest Control,North,Residential,7,876.27,0.27,4477.74
2024-10-23,Lawn Care,East,Commercial,10,1140.09,0.19,9234.73
2024-11-22,Landscape Design,South,Residential,20,1492.62,0.06,28061.26
2024-10-14,Lawn Care,South,Residential,8,669.68,0.26,3964.51
2024-08-25,Landscape Design,South,Commercial,8,1752.7,0.15,11918.36
2024-02-04,Lawn Care,South,Commercial,4,270.33,0.14,929.94
2024-05-22,Lawn Care,South,Commercial,4,1590.22,0.13,5533.97
2024-08-24,Lawn Care,North,Commercial,2,1614.12,0.25,2421.18
2024-01-09,Pest Control,North,Residential,11,1986.44,0.1,19665.76
2024-02-01,Pest Control,South,Residential,3,803.06,0.29,1710.52
2024-10-10,Lawn Care,South,Residential,9,1860.43,0.15,14232.29
2024-09-03,Lawn Care,East,Commercial,9,780.69,0.04,6745.16
2024-08-15,Pest Control,North,Commercial,12,182.49,0.15,1861.4
2024-09-21,Lawn Care,South,Commercial,11,527.36,0.11,5162.85
2024-01-18,Lawn Care,East,Residential,8,1664.93,0.15,11321.52
2024-05-04,Landscape Design,East,Residential,16,961.03,0.28,11071.07
2024-05-15,Landscape Design,North,Commercial,20,1149.33,0.14,19768.48
2024-11-01,Lawn Care,South,Residential,10,642.64,0.28,4627.01
2024-10-08,Pest Control,South,Commercial,2,783.94,0.17,1301.34
2024-12-29,Pest Control,East,Residential,10,1124.42,0.05,10681.99
2024-08-10,Lawn Care,West,Commercial,14,425.85,0.07,5544.57
2024-02-08,Lawn Care,East,Residential,8,242.89,0.13,1690.51
2024-07-12,Lawn Care,North,Residential,8,1157.11,0.24,7035.23
2024-11-24,Pest Control,North,Residential,19,545.33,0.06,9739.59
2024-07-05,Pest Control,North,Commercial,14,683.46,0.13,8324.54
2024-05-06,Pest Control,West,Residential,17,528.19,0.22,7003.8
2024-10-18,Lawn Care,West,Commercial,7,1704.34,0.07,11095.25
2024-07-01,Landscape Design,South,Residential,2,1338.46,0.28,1927.38
2024-04-22,Pest Control,South,Commercial,5,1466.68,0.13,6380.06
2024-02-05,Landscape Design,East,Residential,13,1816.11,0.29,16762.7
2024-05-01,Pest Control,North,Commercial,4,295.92,0.12,1041.64
2024-07-02,Pest Control,South,Commercial,6,1689.77,0.14,8719.21
2024-05-21,Pest Control,South,Residential,11,1732.24,0.21,15053.17
2024-07-11,Lawn Care,West,Commercial,10,291.38,0.15,2476.73
2024-12-25,Landscape Design,South,Residential,1,515.72,0.01,510.56
2024-10-03,Lawn Care,North,Commercial,9,301.99,0.07,2527.66
2024-10-12,Pest Control,West,Commercial,6,1691.32,0.0,10147.92
2024-09-29,Pest Control,East,Commercial,1,1645.07,0.1,1480.56
2024-06-14,Pest Control,South,Residential,19,699.26,0.27,9698.74
2024-07-01,Lawn Care,East,Residential,8,1134.33,0.19,7350.46
2024-01-22,Lawn Care,South,Commercial,10,400.94,0.0,4009.4
2024-04-26,Lawn Care,West,Commercial,11,637.52,0.21,5540.05
2024-12-29,Landscape Design,South,Commercial,6,1658.26,0.12,8755.61
2024-08-27,Landscape Design,East,Residential,16,1901.66,0.08,27992.44
2024-11-16,Pest Control,North,Commercial,16,685.45,0.11,9760.81
2024-03-26,Lawn Care,South,Residential,20,1120.42,0.09,20391.64
2024-04-12,Pest Control,South,Commercial,10,173.21,0.07,1610.85
2024-09-28,Lawn Care,East,Commercial,6,1305.63,0.04,7520.43
2024-07-06,Pest Control,East,Commercial,17,981.22,0.1,15012.67
2024-09-26,Landscape Design,East,Commercial,3,1156.53,0.15,2949.15
2024-06-19,Pest Control,East,Residential,14,614.6,0.2,6883.52
2024-07-10,Pest Control,East,Commercial,5,1342.75,0.09,6109.51
2024-03-30,Pest Control,East,Commercial,8,1585.46,0.18,10400.62
2024-06-27,Lawn Care,West,Residential,10,129.3,0.16,1086.12
2024-10-26,Landscape Design,North,Commercial,2,990.32,0.27,1445.87
2024-06-15,Lawn Care,East,Commercial,2,447.37,0.06,841.06
2024-07-14,Lawn Care,West,Commercial,10,1822.22,0.05,17311.09
2024-09-23,Pest Control,East,Residential,15,1948.53,0.23,22505.52
2024-05-11,Pest Control,East,Residential,4,1813.78,0.2,5804.1
2024-12-17,Pest Control,West,Commercial,11,743.76,0.19,6626.9
2024-12-05,Landscape Design,West,Residential,16,1834.48,0.04,28177.61
2024-08-18,Landscape Design,West,Residential,20,1729.8,0.3,24217.2
2024-05-12,Landscape Design,North,Commercial,5,694.87,0.26,2571.02
2024-07-31,Landscape Design,East,Residential,18,252.29,0.08,4177.92
2024-10-21,Landscape Design,East,Commercial,4,1583.08,0.11,5635.76
2024-09-07,Landscape Design,West,Commercial,6,1989.17,0.23,9189.97
2024-08-15,Landscape Design,West,Commercial,4,240.43,0.24,730.91
2024-05-09,Pest Control,East,Commercial,5,518.3,0.07,2410.09
2024-03-08,Pest Control,South,Commercial,8,1073.73,0.02,8418.04
2024-12-01,Lawn Care,West,Residential,4,1333.37,0.24,4053.44
2024-04-04,Lawn Care,East,Commercial,7,759.58,0.17,4413.16
2024-02-09,Lawn Care,South,Commercial,18,1256.85,0.24,17193.71
2024-04-08,Pest Control,South,Residential,19,428.07,0.09,7401.33
2024-12-01,Landscape Design,West,Commercial,20,356.81,0.13,6208.49
2024-03-01,Pest Control,South,Residential,20,631.79,0.13,10993.15
2024-10-23,Lawn Care,North,Residential,1,1025.67,0.09,933.36
2024-05-07,Pest Control,North,Commercial,11,667.07,0.27,5356.57
2024-01-28,Lawn Care,South,Residential,12,580.42,0.11,6198.89
2024-11-14,Pest Control,South,Residential,11,691.28,0.16,6387.43
2024-05-17,Lawn Care,North,Residential,15,1894.63,0.09,25861.7
2024-09-03,Pest Control,West,Residential,5,1230.49,0.02,6029.4
2024-09-12,Landscape Design,North,Residential,8,1701.39,0.29,9663.9
2024-08-22,Landscape Design,East,Residential,9,512.75,0.14,3968.68
2024-08-26,Pest Control,North,Residential,14,817.08,0.12,10066.43
2024-06-06,Pest Control,West,Commercial,1,280.13,0.23,215.7
2024-08-02,Landscape Design,East,Residential,12,1047.96,0.01,12449.76
2024-10-09,Landscape Design,East,Commercial,5,1348.03,0.17,5594.32
2024-10-09,Landscape Design,North,Residential,10,1446.63,0.02,14176.97
2024-09-01,Lawn Care,West,Commercial,15,707.52,0.05,10082.16
2024-12-16,Lawn Care,West,Residential,17,183.41,0.06,2930.89
2024-12-19,Pest Control,West,Residential,1,1800.22,0.04,1728.21
2024-05-31,Landscape Design,East,Commercial,9,426.7,0.16,3225.85
2024-08-03,Pest Control,North,Residential,14,1229.87,0.13,14979.82
2024-02-28,Lawn Care,West,Commercial,13,1820.66,0.03,22958.52
2024-09-14,Pest Control,North,Residential,12,1198.36,0.1,12942.29
2024-12-11,Lawn Care,South,Residential,11,1568.09,0.12,15179.11
2024-04-18,Lawn Care,North,Commercial,9,1330.46,0.27,8741.12
2024-06-25,Pest Control,North,Commercial,19,903.69,0.03,16655.01
2024-03-21,Lawn Care,East,Commercial,6,623.5,0.05,3553.95
2024-12-05,Landscape Design,East,Commercial,1,954.38,0.18,782.59
2024-01-13,Landscape Design,North,Commercial,19,1367.08,0.1,23377.07
2024-11-18,Landscape Design,West,Commercial,9,982.83,0.13,7695.56
2024-08-18,Landscape Design,West,Commercial,1,1362.35,0.07,1266.99
2024-02-13,Pest Control,South,Residential,3,533.4,0.09,1456.18
2024-02-06,Lawn Care,South,Commercial,17,1568.18,0.29,18927.93
2024-02-05,Landscape Design,East,Residential,15,63.02,0.29,671.16
2024-07-22,Landscape Design,West,Residential,17,127.96,0.17,1805.52
2024-10-09,Pest Control,South,Residential,4,1065.77,0.13,3708.88
2024-10-16,Landscape Design,South,Commercial,3,1999.14,0.22,4677.99
2024-11-08,Lawn Care,North,Residential,10,120.76,0.05,1147.22
2024-11-24,Lawn Care,South,Commercial,18,1274.58,0.25,17206.83
2024-09-04,Pest Control,West,Commercial,7,1802.82,0.08,11610.16
2024-12-08,Landscape Design,North,Commercial,15,141.57,0.08,1953.67
2024-04-03,Lawn Care,North,Commercial,1,1080.21,0.16,907.38
2024-03-05,Lawn Care,South,Commercial,17,917.54,0.05,14818.27
2024-04-10,Pest Control,North,Residential,19,708.58,0.23,10366.53
2024-02-19,Pest Control,South,Residential,15,566.8,0.2,6801.6
2024-05-14,Pest Control,East,Residential,12,1790.68,0.04,20628.63
2024-05-29,Pest Control,North,Residential,14,606.13,0.07,7891.81
2024-02-22,Pest Control,West,Commercial,14,315.59,0.19,3578.79
2024-08-06,Landscape Design,North,Commercial,6,882.41,0.23,4076.73
2024-04-27,Landscape Design,West,Residential,18,260.19,0.29,3325.23
2024-07-24,Landscape Design,West,Residential,8,1643.1,0.13,11435.98
2024-08-25,Pest Control,East,Residential,19,514.8,0.0,9781.2
2024-06-27,Pest Control,West,Commercial,19,957.82,0.07,16924.68
2024-06-09,Pest Control,West,Commercial,19,1074.97,0.21,16135.3
2024-01-10,Landscape Design,East,Commercial,1,1660.87,0.06,1561.22
2024-05-23,Landscape Design,East,Residential,14,1599.87,0.27,16350.67
2024-09-08,Pest Control,North,Commercial,17,1398.09,0.08,21866.13
2024-09-23,Landscape Design,South,Commercial,16,622.38,0.29,7070.24
2024-05-18,Landscape Design,North,Residential,4,1995.34,0.22,6225.46
2024-04-05,Pest Control,West,Commercial,20,1423.51,0.15,24199.67
2024-03-11,Pest Control,West,Commercial,20,1157.77,0.25,17366.55
2024-10-20,Lawn Care,West,Residential,5,510.69,0.17,2119.36
2024-09-02,Lawn Care,South,Residential,20,1340.02,0.18,21976.33
2024-05-12,Landscape Design,North,Residential,4,1365.19,0.21,4314.0
2024-06-11,Lawn Care,South,Residential,15,1090.15,0.13,14226.46
2024-08-07,Landscape Design,South,Residential,12,1236.72,0.04,14247.01
2024-07-11,Pest Control,North,Residential,1,289.55,0.28,208.48
2024-10-07,Pest Control,South,Residential,13,277.67,0.01,3573.61
2024-03-25,Landscape Design,North,Residential,6,1402.91,0.01,8333.29
2024-07-05,Landscape Design,North,Commercial,3,1675.05,0.08,4623.14
2024-03-06,Lawn Care,South,Residential,16,1850.74,0.05,28131.25
2024-07-17,Pest Control,East,Commercial,11,339.18,0.26,2760.93
2024-04-15,Landscape Design,West,Commercial,20,1099.5,0.18,18031.8
2024-12-12,Lawn Care,West,Commercial,16,619.43,0.07,9217.12
2024-02-15,Pest Control,East,Residential,11,355.79,0.04,3757.14
2024-05-07,Lawn Care,West,Commercial,10,1394.94,0.01,13809.91
2024-12-24,Lawn Care,East,Residential,10,717.32,0.05,6814.54
2024-08-06,Landscape Design,South,Commercial,10,1139.95,0.21,9005.6
2024-05-22,Lawn Care,South,Residential,18,1492.13,0.3,18800.84
2024-07-10,Lawn Care,East,Commercial,6,865.3,0.09,4724.54
2024-09-19,Lawn Care,South,Residential,12,1816.1,0.1,19613.88
2024-06-18,Landscape Design,South,Commercial,19,1705.76,0.12,28520.31
2024-09-01,Lawn Care,South,Commercial,5,626.46,0.27,2286.58
2024-11-07,Pest Control,North,Commercial,16,902.3,0.1,12993.12
2024-07-20,Landscape Design,South,Commercial,2,92.57,0.23,142.56
2024-10-15,Landscape Design,West,Residential,15,1265.07,0.05,18027.25
2024-12-12,Landscape Design,West,Commercial,2,1432.73,0.15,2435.64
2024-10-23,Pest Control,East,Residential,15,1610.72,0.18,19811.86
2024-06-13,Lawn Care,West,Residential,20,1671.25,0.1,30082.5
2024-05-19,Landscape Design,East,Residential,12,1346.71,0.12,14221.26
2024-09-17,Lawn Care,South,Commercial,6,1873.27,0.2,8991.7
2024-12-09,Lawn Care,East,Residential,12,1652.25,0.08,18240.84
2024-11-12,Pest Control,West,Residential,11,1082.72,0.29,8456.04
2024-01-18,Pest Control,North,Residential,19,711.11,0.19,10943.98
2024-04-19,Lawn Care,East,Residential,6,1123.15,0.11,5997.62
2024-10-20,Pest Control,North,Residential,13,182.51,0.18,1945.56
2024-11-23,Lawn Care,South,Commercial,13,463.18,0.01,5961.13
2024-08-05,Pest Control,North,Commercial,19,1132.47,0.05,20441.08
2024-02-02,Landscape Design,North,Residential,13,1438.5,0.04,17952.48
2024-12-22,Pest Control,East,Commercial,17,402.33,0.09,6224.05
2024-01-07,Pest Control,South,Residential,4,396.19,0.24,1204.42
2024-07-26,Landscape Design,East,Residential,13,417.89,0.04,5215.27
2024-11-13,Lawn Care,South,Residential,10,746.17,0.07,6939.38
2024-05-11,Pest Control,South,Residential,5,399.15,0.05,1895.96
2024-12-22,Lawn Care,East,Commercial,5,479.0,0.28,1724.4
2024-01-15,Pest Control,South,Residential,19,1626.9,0.26,22874.21
2024-09-01,Pest Control,South,Residential,4,1297.94,0.27,3789.98
2024-07-14,Landscape Design,South,Residential,4,1480.24,0.16,4973.61
2024-12-05,Landscape Design,North,Residential,19,596.56,0.27,8274.29
2024-09-14,Pest Control,East,Residential,4,1651.54,0.11,5879.48
2024-01-24,Lawn Care,East,Commercial,17,1307.58,0.16,18672.24
2024-05-05,Landscape Design,North,Commercial,9,489.95,0.07,4100.88
2024-06-17,Pest Control,South,Commercial,14,677.66,0.07,8823.13
2024-09-18,Landscape Design,South,Residential,6,1038.73,0.18,5110.55
2024-05-20,Pest Control,North,Residential,12,1110.29,0.2,10658.78
2024-09-17,Landscape Design,East,Residential,15,1300.63,0.28,14046.8
2024-06-27,Lawn Care,East,Residential,12,143.38,0.18,1410.86
2024-09-22,Pest Control,West,Commercial,10,1435.32,0.17,11913.16
2024-01-07,Pest Control,South,Residential,1,692.43,0.23,533.17
2024-07-31,Pest Control,West,Residential,4,1727.54,0.07,6426.45
2024-05-15,Lawn Care,West,Residential,4,1454.44,0.0,5817.76
2024-05-05,Lawn Care,South,Commercial,4,153.03,0.25,459.09
2024-02-02,Pest Control,East,Commercial,12,1080.88,0.16,10895.27
2024-09-13,Landscape Design,South,Residential,1,963.82,0.23,742.14
2024-09-22,Pest Control,South,Commercial,10,144.11,0.23,1109.65
2024-03-14,Landscape Design,South,Commercial,12,1925.11,0.12,20329.16
2024-06-09,Pest Control,West,Commercial,2,564.8,0.06,1061.82
2024-12-21,Landscape Design,West,Residential,14,1201.41,0.14,14464.98
2024-04-24,Lawn Care,East,Commercial,15,55.3,0.08,763.14
2024-07-03,Landscape Design,South,Commercial,13,1023.31,0.11,11839.7
2024-05-12,Landscape Design,North,Commercial,12,668.29,0.1,7217.53
2024-11-07,Pest Control,West,Residential,18,208.55,0.19,3040.66
2024-05-19,Landscape Design,West,Residential,14,1387.22,0.29,13788.97
2024-01-20,Pest Control,East,Residential,3,315.4,0.21,747.5
2024-12-08,Pest Control,East,Residential,8,1407.98,0.04,10813.29
2024-04-22,Lawn Care,West,Commercial,14,102.3,0.14,1231.69
2024-01-02,Pest Control,East,Residential,2,1368.65,0.03,2655.18
2024-04-04,Pest Control,South,Residential,1,92.29,0.26,68.29
2024-01-24,Pest Control,West,Residential,1,356.33,0.26,263.68
2024-06-10,Lawn Care,South,Commercial,15,293.55,0.1,3962.92
2024-08-24,Pest Control,South,Residential,1,1657.29,0.1,1491.56
2024-04-19,Lawn Care,West,Residential,7,1154.69,0.29,5738.81
2024-11-08,Landscape Design,South,Commercial,19,526.0,0.03,9694.18
2024-01-23,Lawn Care,South,Residential,4,502.75,0.15,1709.35
2024-01-06,Lawn Care,East,Commercial,11,1229.5,0.0,13524.5
2024-08-18,Pest Control,West,Commercial,19,1567.95,0.12,26216.12
2024-06-16,Lawn Care,South,Residential,7,356.84,0.07,2323.03
2024-05-30,Pest Control,North,Residential,16,1825.84,0.22,22786.48
2024-09-11,Landscape Design,North,Commercial,7,1738.14,0.14,10463.6
2024-08-13,Lawn Care,West,Commercial,4,1689.72,0.25,5069.16
2024-10-26,Pest Control,South,Commercial,17,187.45,0.23,2453.72
2024-05-05,Pest Control,East,Residential,8,1110.16,0.14,7637.9
2024-07-07,Landscape Design,South,Commercial,2,1642.3,0.26,2430.6
2024-01-29,Landscape Design,South,Commercial,19,1628.31,0.2,24750.31
2024-12-03,Lawn Care,North,Commercial,11,601.23,0.04,6348.99
2024-05-17,Landscape Design,South,Commercial,10,1659.22,0.25,12444.15
2024-10-29,Pest Control,West,Commercial,19,1965.41,0.01,36969.36
2024-07-13,Landscape Design,East,Residential,20,1646.31,0.17,27328.75
2024-07-18,Pest Control,South,Commercial,17,577.99,0.11,8744.99
2024-05-03,Lawn Care,West,Commercial,20,123.3,0.2,1972.8
2024-10-24,Pest Control,North,Commercial,11,1528.85,0.13,14631.09
2024-04-07,Landscape Design,South,Commercial,16,1697.15,0.14,23352.78
2024-02-28,Landscape Design,South,Residential,5,673.04,0.14,2894.07
2024-07-15,Lawn Care,North,Commercial,4,1930.52,0.01,7644.86
2024-02-19,Lawn Care,North,Commercial,3,1832.8,0.19,4453.7
2024-04-28,Lawn Care,South,Residential,2,903.43,0.22,1409.35
2024-06-27,Pest Control,East,Commercial,4,901.84,0.02,3535.21
